{"cameraMode":{"drawMode":0,"name":"Shaded","section":"Shading Mode"},"sceneLighting":true,"audioPlay":false,"sceneViewState":{"m_AlwaysRefresh":false,"showFog":true,"showSkybox":true,"showFlares":true,"showImageEffects":true,"showParticleSystems":true,"showVisualEffectGraphs":true,"m_FxEnabled":true},"in2DMode":false,"pivot":{"x":0.5872645974159241,"y":1.292099118232727,"z":0.8865479230880737},"rotation":{"x":0.0038218717090785505,"y":-0.9522115588188171,"z":0.30491334199905398,"w":0.01201961375772953},"size":0.8660253882408142,"orthographic":false}