{"cameraMode":{"drawMode":0,"name":"Shaded","section":"Shading Mode"},"sceneLighting":true,"audioPlay":false,"sceneViewState":{"m_AlwaysRefresh":false,"showFog":true,"showSkybox":true,"showFlares":true,"showImageEffects":true,"showParticleSystems":true,"showVisualEffectGraphs":true,"m_FxEnabled":true},"in2DMode":false,"pivot":{"x":-1.9901502132415772,"y":10.105691909790039,"z":5.857819557189941},"rotation":{"x":-0.08257608860731125,"y":0.8679417371749878,"z":-0.15418487787246705,"w":-0.46484699845314028},"size":16.48192596435547,"orthographic":false}