{"cameraMode":{"drawMode":0,"name":"Shaded","section":"Shading Mode"},"sceneLighting":false,"audioPlay":false,"sceneViewState":{"m_AlwaysRefresh":false,"showFog":true,"showSkybox":false,"showFlares":true,"showImageEffects":true,"showParticleSystems":true,"showVisualEffectGraphs":true,"m_FxEnabled":true},"in2DMode":false,"pivot":{"x":0.003501415252685547,"y":1.3299999237060547,"z":0.467559814453125},"rotation":{"x":0.0036486920434981586,"y":0.9934305548667908,"z":-0.10952892154455185,"w":0.033094752579927447},"size":12.12435531616211,"orthographic":false}