{"cameraMode":{"drawMode":0,"name":"Shaded","section":"Shading Mode"},"sceneLighting":true,"audioPlay":false,"sceneViewState":{"m_AlwaysRefresh":false,"showFog":true,"showSkybox":true,"showFlares":true,"showImageEffects":true,"showParticleSystems":true,"showVisualEffectGraphs":true,"m_FxEnabled":true},"in2DMode":false,"pivot":{"x":-0.8823195695877075,"y":1.2002089023590088,"z":-0.3099387288093567},"rotation":{"x":0.018261747434735299,"y":0.9711654186248779,"z":-0.22412575781345368,"w":0.07913119345903397},"size":0.17424286901950837,"orthographic":false}