{"cameraMode":{"drawMode":0,"name":"Shaded","section":"Shading Mode"},"sceneLighting":true,"audioPlay":false,"sceneViewState":{"m_AlwaysRefresh":false,"showFog":true,"showSkybox":true,"showFlares":true,"showImageEffects":true,"showParticleSystems":true,"showVisualEffectGraphs":true,"m_FxEnabled":true},"in2DMode":false,"pivot":{"x":4.5583391189575199,"y":6.151000022888184,"z":64.99761199951172},"rotation":{"x":0.015410760417580605,"y":0.9708701372146606,"z":-0.06504876911640167,"w":0.2301892340183258},"size":0.6181744337081909,"orthographic":false}