{"cameraMode":{"drawMode":0,"name":"Shaded","section":"Shading Mode"},"sceneLighting":true,"audioPlay":false,"sceneViewState":{"m_AlwaysRefresh":false,"showFog":true,"showSkybox":true,"showFlares":true,"showImageEffects":true,"showParticleSystems":true,"showVisualEffectGraphs":true,"m_FxEnabled":true},"in2DMode":false,"pivot":{"x":-0.14296935498714448,"y":3.317580461502075,"z":-0.9633610248565674},"rotation":{"x":-0.18088699877262116,"y":-0.5250561237335205,"z":0.11484996974468231,"w":-0.8233224153518677},"size":7.7764081954956059,"orthographic":false}